variant,seed,best_step,best_return,return_std,success_rate,mean_length,action_diversity,parameter_count
shared,1,78552,-37.17586833471885,17.203276108694247,0.6,46.9,0.8669473684210527,541702
shared_id,1,60240,-40.461789622505,13.136571302720398,0.7,45.6,0.8581001317523056,543750
independent,1,48242,-43.35825391221906,14.454845768392127,0.6,46.9,0.8887368421052632,1083404
