variant,seed,best_step,best_return,return_std,success_rate,mean_length,action_diversity,parameter_count
shared,1,48000,-63.17436299407789,17.671705089223906,0.0,50.0,0.788,140806
shared_id,1,90000,-62.29815875850504,19.12960206596428,0.0,50.0,0.702,142342
independent,1,48000,-70.78339906956326,19.498330382768703,0.0,50.0,0.788,422418
