variant,seed,best_step,best_return,return_std,success_rate,mean_length,action_diversity,parameter_count
shared,1,121500,-94.12011164340143,31.21893223114612,0.0,75.0,0.7693333333333332,541702
shared,2,141810,-71.3136320987164,28.5336824960056,0.0,75.0,0.7006666666666665,541702
shared_id,1,60750,-92.27183860250223,26.629102693320924,0.0,75.0,0.7783333333333334,544774
shared_id,2,151854,-78.10981581803146,26.368970077676476,0.05,72.3,0.7926190476190477,544774
independent,1,81000,-97.26828177230492,26.55398598351743,0.0,75.0,0.7906666666666666,1625106
independent,2,141690,-82.1826597142634,29.32680595054788,0.0,75.0,0.8526666666666667,1625106
