variant,seed,best_step,best_return,return_std,success_rate,mean_length,action_diversity,parameter_count
shared,1,48312,-41.92981081581469,17.12662600114557,0.1,48.7,0.8891891891891891,541702
shared_id,1,60180,-41.503163293229264,17.117906170378884,0.0,50.0,0.876,543750
independent,1,78430,-40.094020376985306,13.739505035936075,0.2,46.7,0.8980952380952381,1083404
