variant,seed,best_step,best_return,return_std,success_rate,mean_length,action_diversity,parameter_count
shared,1,90048,-17.12737656081169,5.485782808407693,0.0,25.0,0.703,139782
shared,2,90114,-16.95084776990989,5.063451579640843,0.0,25.0,0.7699999999999999,139782
shared,3,90000,-17.469781210762314,4.0387550141728585,0.0,25.0,0.7140000000000001,139782
shared_id,1,90000,-17.18665590984085,3.938564114831313,0.0,25.0,0.655,141318
shared_id,2,45000,-17.606610611064834,4.54561618283235,0.0,25.0,0.5449999999999999,141318
shared_id,3,90000,-17.433772021623472,3.759774526632861,0.0,25.0,0.7010000000000001,141318
independent,1,90000,-20.809096064153366,6.71507880986234,0.0,25.0,0.7409999999999999,419346
independent,2,90012,-19.010425264443253,4.964579563991904,0.0,25.0,0.724,419346
independent,3,63000,-20.950911716572897,4.444948638057116,0.0,25.0,0.711,419346
