variant,seed,best_step,best_return,return_std,success_rate,mean_length,action_diversity,parameter_count
shared,1,6000,-69.0060248348577,18.528805879590003,0.0,50.0,0.7455,140806
shared,2,30000,-64.17943944302952,17.334264623728494,0.0,50.0,0.7764999999999999,140806
shared,3,6000,-74.44175478427883,17.404203603531755,0.0,50.0,0.6944999999999999,140806
shared_id,1,18000,-68.20422356597578,20.04973340629086,0.0,50.0,0.7649999999999999,142342
shared_id,2,30000,-68.06325935233414,15.750000326730175,0.05,49.75,0.7314444444444443,142342
shared_id,3,6000,-76.55448681301591,17.299239684905068,0.0,50.0,0.7285,142342
independent,1,6000,-77.2167656193761,20.062294484364664,0.0,50.0,0.6875,422418
independent,2,30000,-71.34809513967694,19.00574788965342,0.0,50.0,0.728,422418
independent,3,18000,-74.67670179412552,15.316947538416489,0.0,50.0,0.7649999999999999,422418
