variant,seed,source_checkpoint,output_checkpoint,additional_agent_steps,best_step,best_return,best_task_score,return_std,success_rate,mean_length,action_diversity,parameter_count
shared,142,models\shared_seed142.pt,models\shared_seed142_finetuned.pt,51496,0,-142.83764258812275,39.31604702696204,68.14891035529878,0.35,171.75,0.8543300268031556,541702
shared,254,models\shared_seed254.pt,models\shared_seed254_finetuned.pt,51682,30028,-84.85755186709343,72.87934076003731,93.01588279781268,0.65,102.65,0.8137175727422319,541702
shared_id,142,models\shared_id_seed142.pt,models\shared_id_seed142_finetuned.pt,51650,46434,-118.26142388275154,28.676447698101402,88.25722742335746,0.25,155.85,0.8181339910089909,543750
shared_id,254,models\shared_id_seed254.pt,models\shared_id_seed254_finetuned.pt,51188,0,-102.44479304855716,56.72679497115314,77.95921703504168,0.5,128.1,0.9065444691390955,543750
independent,142,models\independent_seed142.pt,models\independent_seed142_finetuned.pt,50140,0,-169.95918162069654,25.198178692907096,66.01890183222193,0.2,187.0,0.9073052330631534,1083404
independent,254,models\independent_seed254.pt,models\independent_seed254_finetuned.pt,50716,0,-113.1940446651538,46.429024865850806,76.88495006828022,0.4,138.2,0.9188839934432039,1083404
