variant,seed,source_checkpoint,output_checkpoint,additional_agent_steps,best_step,best_return,best_task_score,return_std,success_rate,mean_length,action_diversity,parameter_count
shared,142,models\shared_seed142.pt,models\shared_seed142_finetuned.pt,50690,15532,-19.76455751303827,109.33406140506267,13.979910685712042,1.0,17.3,0.790070866404001,541702
shared,254,models\shared_seed254.pt,models\shared_seed254_finetuned.pt,50536,10212,-12.948520588691858,109.33761194348335,10.230404970438787,1.0,11.15,0.7076632515735215,541702
shared_id,142,models\shared_id_seed142.pt,models\shared_id_seed142_finetuned.pt,51114,51114,-18.8546316781927,109.29331951141357,14.411847722962506,1.0,16.45,0.6428413824737355,543750
shared_id,254,models\shared_id_seed254.pt,models\shared_id_seed254_finetuned.pt,51248,51248,-13.652661450529038,109.32855878919364,11.91457680161424,1.0,11.75,0.7304191908882312,543750
independent,142,models\independent_seed142.pt,models\independent_seed142_finetuned.pt,50056,15924,-28.456919602840987,109.32365539520978,30.709887592489604,1.0,22.85,0.7738659577524707,1083404
independent,254,models\independent_seed254.pt,models\independent_seed254_finetuned.pt,51492,51492,-23.36983096159716,104.05303340852261,43.11563329697912,0.95,21.5,0.7588257107572244,1083404
